{"patched_residual_stream_diff": [[0.0, 0.0, 0.0, 0.0, 0.0, 0.0, 0.0, 0.0, 0.0, 0.0, 1.0, 0.0, 0.0, 0.0, 0.0], [0.0, 0.0, 0.0, 0.0, 0.0, 0.0, 0.0, 0.0, 0.0, 0.0, 1.000651478767395, -0.0002479881513863802, 9.296619282395113e-06, -0.0003644475946202874, -4.842967973672785e-05], [0.0, 0.0, 0.0, 0.0, 0.0, 0.0, 0.0, 0.0, 0.0, 0.0, 1.0010520219802856, -2.721862074395176e-05, -2.0741194020956755e-05, -0.0004594610654748976, -0.0005936747184023261], [0.0, 0.0, 0.0, 0.0, 0.0, 0.0, 0.0, 0.0, 0.0, 0.0, 1.0002667903900146, 0.0008668677764944732, 0.0005157442064955831, -0.0009937314316630363, -0.0008655253332108259], [0.0, 0.0, 0.0, 0.0, 0.0, 0.0, 0.0, 0.0, 0.0, 0.0, 0.9949089884757996, 0.005429024342447519, 0.0016050260746851563, -0.0006185104721225798, -0.0016331843798980117], [0.0, 0.0, 0.0, 0.0, 0.0, 0.0, 0.0, 0.0, 0.0, 0.0, 0.9675674438476562, 0.031340714544057846, 0.002841711277142167, -0.0012312817852944136, -0.0009871532674878836], [0.0, 0.0, 0.0, 0.0, 0.0, 0.0, 0.0, 0.0, 0.0, 0.0, 0.9675208330154419, 0.030999794602394104, 0.0017816954059526324, -0.00048647832591086626, -0.0006477763527072966], [0.0, 0.0, 0.0, 0.0, 0.0, 0.0, 0.0, 0.0, 0.0, 0.0, 0.9228330254554749, 0.05134354904294014, 0.004729931708425283, 0.0009341927361674607, 0.017046811059117317], [0.0, 0.0, 0.0, 0.0, 0.0, 0.0, 0.0, 0.0, 0.0, 0.0, 0.6565515398979187, 0.023855896666646004, 0.002357548801228404, -1.7452137399232015e-05, 0.3186882734298706], [0.0, 0.0, 0.0, 0.0, 0.0, 0.0, 0.0, 0.0, 0.0, 0.0, 0.027303969487547874, 0.031424786895513535, 0.0018208284163847566, 0.0007986366399563849, 0.9383859634399414], [0.0, 0.0, 0.0, 0.0, 0.0, 0.0, 0.0, 0.0, 0.0, 0.0, -0.026844238862395287, 0.02098052203655243, 0.0012515531852841377, 0.0003235022013541311, 1.0048311948776245], [0.0, 0.0, 0.0, 0.0, 0.0, 0.0, 0.0, 0.0, 0.0, 0.0, -0.005686946678906679, 0.014263397082686424, 0.0004866796953137964, -8.977782272268087e-05, 0.991420567035675]], "patched_attn_diff": [[0.0, 0.0, 0.0, 0.0, 0.0, 0.0, 0.0, 0.0, 0.0, 0.0, 0.035460326820611954, -0.0002479881513863802, 9.296619282395113e-06, -0.0003644475946202874, -4.842967973672785e-05], [0.0, 0.0, 0.0, 0.0, 0.0, 0.0, 0.0, 0.0, 0.0, 0.0, -0.0029838120099157095, 7.850105612305924e-05, 1.9969271306763403e-05, 8.068257011473179e-05, -0.0005969973281025887], [0.0, 0.0, 0.0, 0.0, 0.0, 0.0, 0.0, 0.0, 0.0, 0.0, -0.001912116538733244, 0.000666503852698952, 0.00039458609535358846, -0.0007047642720863223, -0.0002737636095844209], [0.0, 0.0, 0.0, 0.0, 0.0, 0.0, 0.0, 0.0, 0.0, 0.0, 0.15463462471961975, 0.0038017802871763706, 0.0005164489848539233, -0.00012025193427689373, -0.0005613211542367935], [0.0, 0.0, 0.0, 0.0, 0.0, 0.0, 0.0, 0.0, 0.0, 0.0, -0.005407712422311306, 0.019580895081162453, 0.001006820471957326, -0.00024275251780636609, 0.0007935016765259206], [0.0, 0.0, 0.0, 0.0, 0.0, 0.0, 0.0, 0.0, 0.0, 0.0, 0.3521000146865845, 0.0010515919420868158, 0.0002249311946798116, 0.00013216637307778, 8.202504250220954e-05], [0.0, 0.0, 0.0, 0.0, 0.0, 0.0, 0.0, 0.0, 0.0, 0.0, 0.11986151337623596, 0.02124321088194847, 0.002727869665250182, 0.0013409617822617292, 0.017974458634853363], [0.0, 0.0, 0.0, 0.0, 0.0, 0.0, 0.0, 0.0, 0.0, 0.0, 0.013308966532349586, 0.011509046889841557, 0.00037411341327242553, -4.165019709034823e-05, 0.29759806394577026], [0.0, 0.0, 0.0, 0.0, 0.0, 0.0, 0.0, 0.0, 0.0, 0.0, -0.0015008501941338181, 0.017351988703012466, 0.0005840760422870517, 0.00101185473613441, 0.5697361826896667], [0.0, 0.0, 0.0, 0.0, 0.0, 0.0, 0.0, 0.0, 0.0, 0.0, -0.00012907868949696422, 0.00630119489505887, 0.00014119449770078063, 0.00031289667822420597, 0.27153223752975464], [0.0, 0.0, 0.0, 0.0, 0.0, 0.0, 0.0, 0.0, 0.0, 0.0, -0.0009376160451211035, 8.585109026171267e-05, 0.00033199333120137453, 1.5438429272762733e-06, -0.19299523532390594], [0.0, 0.0, 0.0, 0.0, 0.0, 0.0, 0.0, 0.0, 0.0, 0.0, 0.0, 0.0, 0.0, 0.0, -0.40618857741355896]], "patched_mlp_diff": [[0.0, 0.0, 0.0, 0.0, 0.0, 0.0, 0.0, 0.0, 0.0, 0.0, 0.8507810831069946, -0.000278361578239128, -7.292979717021808e-05, -0.00047395977890118957, 3.95022398151923e-05], [0.0, 0.0, 0.0, 0.0, 0.0, 0.0, 0.0, 0.0, 0.0, 0.0, 0.008865014649927616, 0.0002215750137111172, 0.00014908151933923364, -4.9168040277436376e-05, 0.0003036336274817586], [0.0, 0.0, 0.0, 0.0, 0.0, 0.0, 0.0, 0.0, 0.0, 0.0, 0.013549369759857655, 5.725643495679833e-05, -0.00033014744985848665, -0.000639385893009603, 0.00077249197056517], [0.0, 0.0, 0.0, 0.0, 0.0, 0.0, 0.0, 0.0, 0.0, 0.0, 0.0019460810581222177, 0.0004987283609807491, 0.00017364876111969352, 0.00016871518164407462, 0.00040720534161664546], [0.0, 0.0, 0.0, 0.0, 0.0, 0.0, 0.0, 0.0, 0.0, 0.0, -0.019789112731814384, 0.004128504544496536, -4.8631052777636796e-05, -0.00016999052604660392, 0.0007910181302577257], [0.0, 0.0, 0.0, 0.0, 0.0, 0.0, 0.0, 0.0, 0.0, 0.0, 0.09652552008628845, -0.0018829178297892213, -0.0004840283072553575, 0.0007095971959643066, -0.00018338167865294963], [0.0, 0.0, 0.0, 0.0, 0.0, 0.0, 0.0, 0.0, 0.0, 0.0, -0.01589762233197689, -0.0008510937332175672, 0.00012283619435038418, 2.8091228159610182e-05, -0.007237971760332584], [0.0, 0.0, 0.0, 0.0, 0.0, 0.0, 0.0, 0.0, 0.0, 0.0, 0.010361199267208576, 0.0031500770710408688, 0.0005304442602209747, 0.00023483192489948124, 0.00849811639636755], [0.0, 0.0, 0.0, 0.0, 0.0, 0.0, 0.0, 0.0, 0.0, 0.0, -0.012533755972981453, 2.1244621166260913e-05, -0.0003541441401466727, 8.675725985085592e-05, -0.02163410559296608], [0.0, 0.0, 0.0, 0.0, 0.0, 0.0, 0.0, 0.0, 0.0, 0.0, -0.00033521527075208724, 0.0008088729809969664, 1.6076102838269435e-05, 0.00012991773837711662, 0.03162303566932678], [0.0, 0.0, 0.0, 0.0, 0.0, 0.0, 0.0, 0.0, 0.0, 0.0, 0.0013596221106126904, -0.00019489337864797562, -9.93764988379553e-05, -0.00014206710329744965, 0.02876400761306286], [0.0, 0.0, 0.0, 0.0, 0.0, 0.0, 0.0, 0.0, 0.0, 0.0, 0.0, 0.0, 0.0, 0.0, 0.020446084439754486]],